date_key,full_date,year,quarter,month,month_name,day,day_of_week,day_name,year_month,year_quarter,is_month_end
20091201,2009-12-01,2009,4,12,December,1,2,Tuesday,2009-12,2009Q4,False
20091202,2009-12-02,2009,4,12,December,2,3,Wednesday,2009-12,2009Q4,False
20091203,2009-12-03,2009,4,12,December,3,4,Thursday,2009-12,2009Q4,False
20091204,2009-12-04,2009,4,12,December,4,5,Friday,2009-12,2009Q4,False
20091205,2009-12-05,2009,4,12,December,5,6,Saturday,2009-12,2009Q4,False
20091206,2009-12-06,2009,4,12,December,6,7,Sunday,2009-12,2009Q4,False
20091207,2009-12-07,2009,4,12,December,7,1,Monday,2009-12,2009Q4,False
20091208,2009-12-08,2009,4,12,December,8,2,Tuesday,2009-12,2009Q4,False
20091209,2009-12-09,2009,4,12,December,9,3,Wednesday,2009-12,2009Q4,False
20091210,2009-12-10,2009,4,12,December,10,4,Thursday,2009-12,2009Q4,False
20091211,2009-12-11,2009,4,12,December,11,5,Friday,2009-12,2009Q4,False
20091212,2009-12-12,2009,4,12,December,12,6,Saturday,2009-12,2009Q4,False
20091213,2009-12-13,2009,4,12,December,13,7,Sunday,2009-12,2009Q4,False
20091214,2009-12-14,2009,4,12,December,14,1,Monday,2009-12,2009Q4,False
20091215,2009-12-15,2009,4,12,December,15,2,Tuesday,2009-12,2009Q4,False
20091216,2009-12-16,2009,4,12,December,16,3,Wednesday,2009-12,2009Q4,False
20091217,2009-12-17,2009,4,12,December,17,4,Thursday,2009-12,2009Q4,False
20091218,2009-12-18,2009,4,12,December,18,5,Friday,2009-12,2009Q4,False
20091219,2009-12-19,2009,4,12,December,19,6,Saturday,2009-12,2009Q4,False
20091220,2009-12-20,2009,4,12,December,20,7,Sunday,2009-12,2009Q4,False
20091221,2009-12-21,2009,4,12,December,21,1,Monday,2009-12,2009Q4,False
20091222,2009-12-22,2009,4,12,December,22,2,Tuesday,2009-12,2009Q4,False
20091223,2009-12-23,2009,4,12,December,23,3,Wednesday,2009-12,2009Q4,False
20091224,2009-12-24,2009,4,12,December,24,4,Thursday,2009-12,2009Q4,False
20091225,2009-12-25,2009,4,12,December,25,5,Friday,2009-12,2009Q4,False
20091226,2009-12-26,2009,4,12,December,26,6,Saturday,2009-12,2009Q4,False
20091227,2009-12-27,2009,4,12,December,27,7,Sunday,2009-12,2009Q4,False
20091228,2009-12-28,2009,4,12,December,28,1,Monday,2009-12,2009Q4,False
20091229,2009-12-29,2009,4,12,December,29,2,Tuesday,2009-12,2009Q4,False
20091230,2009-12-30,2009,4,12,December,30,3,Wednesday,2009-12,2009Q4,False
20091231,2009-12-31,2009,4,12,December,31,4,Thursday,2009-12,2009Q4,True
20100101,2010-01-01,2010,1,1,January,1,5,Friday,2010-01,2010Q1,False
20100102,2010-01-02,2010,1,1,January,2,6,Saturday,2010-01,2010Q1,False
20100103,2010-01-03,2010,1,1,January,3,7,Sunday,2010-01,2010Q1,False
20100104,2010-01-04,2010,1,1,January,4,1,Monday,2010-01,2010Q1,False
20100105,2010-01-05,2010,1,1,January,5,2,Tuesday,2010-01,2010Q1,False
20100106,2010-01-06,2010,1,1,January,6,3,Wednesday,2010-01,2010Q1,False
20100107,2010-01-07,2010,1,1,January,7,4,Thursday,2010-01,2010Q1,False
20100108,2010-01-08,2010,1,1,January,8,5,Friday,2010-01,2010Q1,False
20100109,2010-01-09,2010,1,1,January,9,6,Saturday,2010-01,2010Q1,False
20100110,2010-01-10,2010,1,1,January,10,7,Sunday,2010-01,2010Q1,False
20100111,2010-01-11,2010,1,1,January,11,1,Monday,2010-01,2010Q1,False
20100112,2010-01-12,2010,1,1,January,12,2,Tuesday,2010-01,2010Q1,False
20100113,2010-01-13,2010,1,1,January,13,3,Wednesday,2010-01,2010Q1,False
20100114,2010-01-14,2010,1,1,January,14,4,Thursday,2010-01,2010Q1,False
20100115,2010-01-15,2010,1,1,January,15,5,Friday,2010-01,2010Q1,False
20100116,2010-01-16,2010,1,1,January,16,6,Saturday,2010-01,2010Q1,False
20100117,2010-01-17,2010,1,1,January,17,7,Sunday,2010-01,2010Q1,False
20100118,2010-01-18,2010,1,1,January,18,1,Monday,2010-01,2010Q1,False
20100119,2010-01-19,2010,1,1,January,19,2,Tuesday,2010-01,2010Q1,False
20100120,2010-01-20,2010,1,1,January,20,3,Wednesday,2010-01,2010Q1,False
20100121,2010-01-21,2010,1,1,January,21,4,Thursday,2010-01,2010Q1,False
20100122,2010-01-22,2010,1,1,January,22,5,Friday,2010-01,2010Q1,False
20100123,2010-01-23,2010,1,1,January,23,6,Saturday,2010-01,2010Q1,False
20100124,2010-01-24,2010,1,1,January,24,7,Sunday,2010-01,2010Q1,False
20100125,2010-01-25,2010,1,1,January,25,1,Monday,2010-01,2010Q1,False
20100126,2010-01-26,2010,1,1,January,26,2,Tuesday,2010-01,2010Q1,False
20100127,2010-01-27,2010,1,1,January,27,3,Wednesday,2010-01,2010Q1,False
20100128,2010-01-28,2010,1,1,January,28,4,Thursday,2010-01,2010Q1,False
20100129,2010-01-29,2010,1,1,January,29,5,Friday,2010-01,2010Q1,False
20100130,2010-01-30,2010,1,1,January,30,6,Saturday,2010-01,2010Q1,False
20100131,2010-01-31,2010,1,1,January,31,7,Sunday,2010-01,2010Q1,True
20100201,2010-02-01,2010,1,2,February,1,1,Monday,2010-02,2010Q1,False
20100202,2010-02-02,2010,1,2,February,2,2,Tuesday,2010-02,2010Q1,False
20100203,2010-02-03,2010,1,2,February,3,3,Wednesday,2010-02,2010Q1,False
20100204,2010-02-04,2010,1,2,February,4,4,Thursday,2010-02,2010Q1,False
20100205,2010-02-05,2010,1,2,February,5,5,Friday,2010-02,2010Q1,False
20100206,2010-02-06,2010,1,2,February,6,6,Saturday,2010-02,2010Q1,False
20100207,2010-02-07,2010,1,2,February,7,7,Sunday,2010-02,2010Q1,False
20100208,2010-02-08,2010,1,2,February,8,1,Monday,2010-02,2010Q1,False
20100209,2010-02-09,2010,1,2,February,9,2,Tuesday,2010-02,2010Q1,False
20100210,2010-02-10,2010,1,2,February,10,3,Wednesday,2010-02,2010Q1,False
20100211,2010-02-11,2010,1,2,February,11,4,Thursday,2010-02,2010Q1,False
20100212,2010-02-12,2010,1,2,February,12,5,Friday,2010-02,2010Q1,False
20100213,2010-02-13,2010,1,2,February,13,6,Saturday,2010-02,2010Q1,False
20100214,2010-02-14,2010,1,2,February,14,7,Sunday,2010-02,2010Q1,False
20100215,2010-02-15,2010,1,2,February,15,1,Monday,2010-02,2010Q1,False
20100216,2010-02-16,2010,1,2,February,16,2,Tuesday,2010-02,2010Q1,False
20100217,2010-02-17,2010,1,2,February,17,3,Wednesday,2010-02,2010Q1,False
20100218,2010-02-18,2010,1,2,February,18,4,Thursday,2010-02,2010Q1,False
20100219,2010-02-19,2010,1,2,February,19,5,Friday,2010-02,2010Q1,False
20100220,2010-02-20,2010,1,2,February,20,6,Saturday,2010-02,2010Q1,False
20100221,2010-02-21,2010,1,2,February,21,7,Sunday,2010-02,2010Q1,False
20100222,2010-02-22,2010,1,2,February,22,1,Monday,2010-02,2010Q1,False
20100223,2010-02-23,2010,1,2,February,23,2,Tuesday,2010-02,2010Q1,False
20100224,2010-02-24,2010,1,2,February,24,3,Wednesday,2010-02,2010Q1,False
20100225,2010-02-25,2010,1,2,February,25,4,Thursday,2010-02,2010Q1,False
20100226,2010-02-26,2010,1,2,February,26,5,Friday,2010-02,2010Q1,False
20100227,2010-02-27,2010,1,2,February,27,6,Saturday,2010-02,2010Q1,False
20100228,2010-02-28,2010,1,2,February,28,7,Sunday,2010-02,2010Q1,True
20100301,2010-03-01,2010,1,3,March,1,1,Monday,2010-03,2010Q1,False
20100302,2010-03-02,2010,1,3,March,2,2,Tuesday,2010-03,2010Q1,False
20100303,2010-03-03,2010,1,3,March,3,3,Wednesday,2010-03,2010Q1,False
20100304,2010-03-04,2010,1,3,March,4,4,Thursday,2010-03,2010Q1,False
20100305,2010-03-05,2010,1,3,March,5,5,Friday,2010-03,2010Q1,False
20100306,2010-03-06,2010,1,3,March,6,6,Saturday,2010-03,2010Q1,False
20100307,2010-03-07,2010,1,3,March,7,7,Sunday,2010-03,2010Q1,False
20100308,2010-03-08,2010,1,3,March,8,1,Monday,2010-03,2010Q1,False
20100309,2010-03-09,2010,1,3,March,9,2,Tuesday,2010-03,2010Q1,False
20100310,2010-03-10,2010,1,3,March,10,3,Wednesday,2010-03,2010Q1,False
20100311,2010-03-11,2010,1,3,March,11,4,Thursday,2010-03,2010Q1,False
20100312,2010-03-12,2010,1,3,March,12,5,Friday,2010-03,2010Q1,False
20100313,2010-03-13,2010,1,3,March,13,6,Saturday,2010-03,2010Q1,False
20100314,2010-03-14,2010,1,3,March,14,7,Sunday,2010-03,2010Q1,False
20100315,2010-03-15,2010,1,3,March,15,1,Monday,2010-03,2010Q1,False
20100316,2010-03-16,2010,1,3,March,16,2,Tuesday,2010-03,2010Q1,False
20100317,2010-03-17,2010,1,3,March,17,3,Wednesday,2010-03,2010Q1,False
20100318,2010-03-18,2010,1,3,March,18,4,Thursday,2010-03,2010Q1,False
20100319,2010-03-19,2010,1,3,March,19,5,Friday,2010-03,2010Q1,False
20100320,2010-03-20,2010,1,3,March,20,6,Saturday,2010-03,2010Q1,False
20100321,2010-03-21,2010,1,3,March,21,7,Sunday,2010-03,2010Q1,False
20100322,2010-03-22,2010,1,3,March,22,1,Monday,2010-03,2010Q1,False
20100323,2010-03-23,2010,1,3,March,23,2,Tuesday,2010-03,2010Q1,False
20100324,2010-03-24,2010,1,3,March,24,3,Wednesday,2010-03,2010Q1,False
20100325,2010-03-25,2010,1,3,March,25,4,Thursday,2010-03,2010Q1,False
20100326,2010-03-26,2010,1,3,March,26,5,Friday,2010-03,2010Q1,False
20100327,2010-03-27,2010,1,3,March,27,6,Saturday,2010-03,2010Q1,False
20100328,2010-03-28,2010,1,3,March,28,7,Sunday,2010-03,2010Q1,False
20100329,2010-03-29,2010,1,3,March,29,1,Monday,2010-03,2010Q1,False
20100330,2010-03-30,2010,1,3,March,30,2,Tuesday,2010-03,2010Q1,False
20100331,2010-03-31,2010,1,3,March,31,3,Wednesday,2010-03,2010Q1,True
20100401,2010-04-01,2010,2,4,April,1,4,Thursday,2010-04,2010Q2,False
20100402,2010-04-02,2010,2,4,April,2,5,Friday,2010-04,2010Q2,False
20100403,2010-04-03,2010,2,4,April,3,6,Saturday,2010-04,2010Q2,False
20100404,2010-04-04,2010,2,4,April,4,7,Sunday,2010-04,2010Q2,False
20100405,2010-04-05,2010,2,4,April,5,1,Monday,2010-04,2010Q2,False
20100406,2010-04-06,2010,2,4,April,6,2,Tuesday,2010-04,2010Q2,False
20100407,2010-04-07,2010,2,4,April,7,3,Wednesday,2010-04,2010Q2,False
20100408,2010-04-08,2010,2,4,April,8,4,Thursday,2010-04,2010Q2,False
20100409,2010-04-09,2010,2,4,April,9,5,Friday,2010-04,2010Q2,False
20100410,2010-04-10,2010,2,4,April,10,6,Saturday,2010-04,2010Q2,False
20100411,2010-04-11,2010,2,4,April,11,7,Sunday,2010-04,2010Q2,False
20100412,2010-04-12,2010,2,4,April,12,1,Monday,2010-04,2010Q2,False
20100413,2010-04-13,2010,2,4,April,13,2,Tuesday,2010-04,2010Q2,False
20100414,2010-04-14,2010,2,4,April,14,3,Wednesday,2010-04,2010Q2,False
20100415,2010-04-15,2010,2,4,April,15,4,Thursday,2010-04,2010Q2,False
20100416,2010-04-16,2010,2,4,April,16,5,Friday,2010-04,2010Q2,False
20100417,2010-04-17,2010,2,4,April,17,6,Saturday,2010-04,2010Q2,False
20100418,2010-04-18,2010,2,4,April,18,7,Sunday,2010-04,2010Q2,False
20100419,2010-04-19,2010,2,4,April,19,1,Monday,2010-04,2010Q2,False
20100420,2010-04-20,2010,2,4,April,20,2,Tuesday,2010-04,2010Q2,False
20100421,2010-04-21,2010,2,4,April,21,3,Wednesday,2010-04,2010Q2,False
20100422,2010-04-22,2010,2,4,April,22,4,Thursday,2010-04,2010Q2,False
20100423,2010-04-23,2010,2,4,April,23,5,Friday,2010-04,2010Q2,False
20100424,2010-04-24,2010,2,4,April,24,6,Saturday,2010-04,2010Q2,False
20100425,2010-04-25,2010,2,4,April,25,7,Sunday,2010-04,2010Q2,False
20100426,2010-04-26,2010,2,4,April,26,1,Monday,2010-04,2010Q2,False
20100427,2010-04-27,2010,2,4,April,27,2,Tuesday,2010-04,2010Q2,False
20100428,2010-04-28,2010,2,4,April,28,3,Wednesday,2010-04,2010Q2,False
20100429,2010-04-29,2010,2,4,April,29,4,Thursday,2010-04,2010Q2,False
20100430,2010-04-30,2010,2,4,April,30,5,Friday,2010-04,2010Q2,True
20100501,2010-05-01,2010,2,5,May,1,6,Saturday,2010-05,2010Q2,False
20100502,2010-05-02,2010,2,5,May,2,7,Sunday,2010-05,2010Q2,False
20100503,2010-05-03,2010,2,5,May,3,1,Monday,2010-05,2010Q2,False
20100504,2010-05-04,2010,2,5,May,4,2,Tuesday,2010-05,2010Q2,False
20100505,2010-05-05,2010,2,5,May,5,3,Wednesday,2010-05,2010Q2,False
20100506,2010-05-06,2010,2,5,May,6,4,Thursday,2010-05,2010Q2,False
20100507,2010-05-07,2010,2,5,May,7,5,Friday,2010-05,2010Q2,False
20100508,2010-05-08,2010,2,5,May,8,6,Saturday,2010-05,2010Q2,False
20100509,2010-05-09,2010,2,5,May,9,7,Sunday,2010-05,2010Q2,False
20100510,2010-05-10,2010,2,5,May,10,1,Monday,2010-05,2010Q2,False
20100511,2010-05-11,2010,2,5,May,11,2,Tuesday,2010-05,2010Q2,False
20100512,2010-05-12,2010,2,5,May,12,3,Wednesday,2010-05,2010Q2,False
20100513,2010-05-13,2010,2,5,May,13,4,Thursday,2010-05,2010Q2,False
20100514,2010-05-14,2010,2,5,May,14,5,Friday,2010-05,2010Q2,False
20100515,2010-05-15,2010,2,5,May,15,6,Saturday,2010-05,2010Q2,False
20100516,2010-05-16,2010,2,5,May,16,7,Sunday,2010-05,2010Q2,False
20100517,2010-05-17,2010,2,5,May,17,1,Monday,2010-05,2010Q2,False
20100518,2010-05-18,2010,2,5,May,18,2,Tuesday,2010-05,2010Q2,False
20100519,2010-05-19,2010,2,5,May,19,3,Wednesday,2010-05,2010Q2,False
20100520,2010-05-20,2010,2,5,May,20,4,Thursday,2010-05,2010Q2,False
20100521,2010-05-21,2010,2,5,May,21,5,Friday,2010-05,2010Q2,False
20100522,2010-05-22,2010,2,5,May,22,6,Saturday,2010-05,2010Q2,False
20100523,2010-05-23,2010,2,5,May,23,7,Sunday,2010-05,2010Q2,False
20100524,2010-05-24,2010,2,5,May,24,1,Monday,2010-05,2010Q2,False
20100525,2010-05-25,2010,2,5,May,25,2,Tuesday,2010-05,2010Q2,False
20100526,2010-05-26,2010,2,5,May,26,3,Wednesday,2010-05,2010Q2,False
20100527,2010-05-27,2010,2,5,May,27,4,Thursday,2010-05,2010Q2,False
20100528,2010-05-28,2010,2,5,May,28,5,Friday,2010-05,2010Q2,False
20100529,2010-05-29,2010,2,5,May,29,6,Saturday,2010-05,2010Q2,False
20100530,2010-05-30,2010,2,5,May,30,7,Sunday,2010-05,2010Q2,False
20100531,2010-05-31,2010,2,5,May,31,1,Monday,2010-05,2010Q2,True
20100601,2010-06-01,2010,2,6,June,1,2,Tuesday,2010-06,2010Q2,False
20100602,2010-06-02,2010,2,6,June,2,3,Wednesday,2010-06,2010Q2,False
20100603,2010-06-03,2010,2,6,June,3,4,Thursday,2010-06,2010Q2,False
20100604,2010-06-04,2010,2,6,June,4,5,Friday,2010-06,2010Q2,False
20100605,2010-06-05,2010,2,6,June,5,6,Saturday,2010-06,2010Q2,False
20100606,2010-06-06,2010,2,6,June,6,7,Sunday,2010-06,2010Q2,False
20100607,2010-06-07,2010,2,6,June,7,1,Monday,2010-06,2010Q2,False
20100608,2010-06-08,2010,2,6,June,8,2,Tuesday,2010-06,2010Q2,False
20100609,2010-06-09,2010,2,6,June,9,3,Wednesday,2010-06,2010Q2,False
20100610,2010-06-10,2010,2,6,June,10,4,Thursday,2010-06,2010Q2,False
20100611,2010-06-11,2010,2,6,June,11,5,Friday,2010-06,2010Q2,False
20100612,2010-06-12,2010,2,6,June,12,6,Saturday,2010-06,2010Q2,False
20100613,2010-06-13,2010,2,6,June,13,7,Sunday,2010-06,2010Q2,False
20100614,2010-06-14,2010,2,6,June,14,1,Monday,2010-06,2010Q2,False
20100615,2010-06-15,2010,2,6,June,15,2,Tuesday,2010-06,2010Q2,False
20100616,2010-06-16,2010,2,6,June,16,3,Wednesday,2010-06,2010Q2,False
20100617,2010-06-17,2010,2,6,June,17,4,Thursday,2010-06,2010Q2,False
20100618,2010-06-18,2010,2,6,June,18,5,Friday,2010-06,2010Q2,False
20100619,2010-06-19,2010,2,6,June,19,6,Saturday,2010-06,2010Q2,False
20100620,2010-06-20,2010,2,6,June,20,7,Sunday,2010-06,2010Q2,False
20100621,2010-06-21,2010,2,6,June,21,1,Monday,2010-06,2010Q2,False
20100622,2010-06-22,2010,2,6,June,22,2,Tuesday,2010-06,2010Q2,False
20100623,2010-06-23,2010,2,6,June,23,3,Wednesday,2010-06,2010Q2,False
20100624,2010-06-24,2010,2,6,June,24,4,Thursday,2010-06,2010Q2,False
20100625,2010-06-25,2010,2,6,June,25,5,Friday,2010-06,2010Q2,False
20100626,2010-06-26,2010,2,6,June,26,6,Saturday,2010-06,2010Q2,False
20100627,2010-06-27,2010,2,6,June,27,7,Sunday,2010-06,2010Q2,False
20100628,2010-06-28,2010,2,6,June,28,1,Monday,2010-06,2010Q2,False
20100629,2010-06-29,2010,2,6,June,29,2,Tuesday,2010-06,2010Q2,False
20100630,2010-06-30,2010,2,6,June,30,3,Wednesday,2010-06,2010Q2,True
20100701,2010-07-01,2010,3,7,July,1,4,Thursday,2010-07,2010Q3,False
20100702,2010-07-02,2010,3,7,July,2,5,Friday,2010-07,2010Q3,False
20100703,2010-07-03,2010,3,7,July,3,6,Saturday,2010-07,2010Q3,False
20100704,2010-07-04,2010,3,7,July,4,7,Sunday,2010-07,2010Q3,False
20100705,2010-07-05,2010,3,7,July,5,1,Monday,2010-07,2010Q3,False
20100706,2010-07-06,2010,3,7,July,6,2,Tuesday,2010-07,2010Q3,False
20100707,2010-07-07,2010,3,7,July,7,3,Wednesday,2010-07,2010Q3,False
20100708,2010-07-08,2010,3,7,July,8,4,Thursday,2010-07,2010Q3,False
20100709,2010-07-09,2010,3,7,July,9,5,Friday,2010-07,2010Q3,False
20100710,2010-07-10,2010,3,7,July,10,6,Saturday,2010-07,2010Q3,False
20100711,2010-07-11,2010,3,7,July,11,7,Sunday,2010-07,2010Q3,False
20100712,2010-07-12,2010,3,7,July,12,1,Monday,2010-07,2010Q3,False
20100713,2010-07-13,2010,3,7,July,13,2,Tuesday,2010-07,2010Q3,False
20100714,2010-07-14,2010,3,7,July,14,3,Wednesday,2010-07,2010Q3,False
20100715,2010-07-15,2010,3,7,July,15,4,Thursday,2010-07,2010Q3,False
20100716,2010-07-16,2010,3,7,July,16,5,Friday,2010-07,2010Q3,False
20100717,2010-07-17,2010,3,7,July,17,6,Saturday,2010-07,2010Q3,False
20100718,2010-07-18,2010,3,7,July,18,7,Sunday,2010-07,2010Q3,False
20100719,2010-07-19,2010,3,7,July,19,1,Monday,2010-07,2010Q3,False
20100720,2010-07-20,2010,3,7,July,20,2,Tuesday,2010-07,2010Q3,False
20100721,2010-07-21,2010,3,7,July,21,3,Wednesday,2010-07,2010Q3,False
20100722,2010-07-22,2010,3,7,July,22,4,Thursday,2010-07,2010Q3,False
20100723,2010-07-23,2010,3,7,July,23,5,Friday,2010-07,2010Q3,False
20100724,2010-07-24,2010,3,7,July,24,6,Saturday,2010-07,2010Q3,False
20100725,2010-07-25,2010,3,7,July,25,7,Sunday,2010-07,2010Q3,False
20100726,2010-07-26,2010,3,7,July,26,1,Monday,2010-07,2010Q3,False
20100727,2010-07-27,2010,3,7,July,27,2,Tuesday,2010-07,2010Q3,False
20100728,2010-07-28,2010,3,7,July,28,3,Wednesday,2010-07,2010Q3,False
20100729,2010-07-29,2010,3,7,July,29,4,Thursday,2010-07,2010Q3,False
20100730,2010-07-30,2010,3,7,July,30,5,Friday,2010-07,2010Q3,False
20100731,2010-07-31,2010,3,7,July,31,6,Saturday,2010-07,2010Q3,True
20100801,2010-08-01,2010,3,8,August,1,7,Sunday,2010-08,2010Q3,False
20100802,2010-08-02,2010,3,8,August,2,1,Monday,2010-08,2010Q3,False
20100803,2010-08-03,2010,3,8,August,3,2,Tuesday,2010-08,2010Q3,False
20100804,2010-08-04,2010,3,8,August,4,3,Wednesday,2010-08,2010Q3,False
20100805,2010-08-05,2010,3,8,August,5,4,Thursday,2010-08,2010Q3,False
20100806,2010-08-06,2010,3,8,August,6,5,Friday,2010-08,2010Q3,False
20100807,2010-08-07,2010,3,8,August,7,6,Saturday,2010-08,2010Q3,False
20100808,2010-08-08,2010,3,8,August,8,7,Sunday,2010-08,2010Q3,False
20100809,2010-08-09,2010,3,8,August,9,1,Monday,2010-08,2010Q3,False
20100810,2010-08-10,2010,3,8,August,10,2,Tuesday,2010-08,2010Q3,False
20100811,2010-08-11,2010,3,8,August,11,3,Wednesday,2010-08,2010Q3,False
20100812,2010-08-12,2010,3,8,August,12,4,Thursday,2010-08,2010Q3,False
20100813,2010-08-13,2010,3,8,August,13,5,Friday,2010-08,2010Q3,False
20100814,2010-08-14,2010,3,8,August,14,6,Saturday,2010-08,2010Q3,False
20100815,2010-08-15,2010,3,8,August,15,7,Sunday,2010-08,2010Q3,False
20100816,2010-08-16,2010,3,8,August,16,1,Monday,2010-08,2010Q3,False
20100817,2010-08-17,2010,3,8,August,17,2,Tuesday,2010-08,2010Q3,False
20100818,2010-08-18,2010,3,8,August,18,3,Wednesday,2010-08,2010Q3,False
20100819,2010-08-19,2010,3,8,August,19,4,Thursday,2010-08,2010Q3,False
20100820,2010-08-20,2010,3,8,August,20,5,Friday,2010-08,2010Q3,False
20100821,2010-08-21,2010,3,8,August,21,6,Saturday,2010-08,2010Q3,False
20100822,2010-08-22,2010,3,8,August,22,7,Sunday,2010-08,2010Q3,False
20100823,2010-08-23,2010,3,8,August,23,1,Monday,2010-08,2010Q3,False
20100824,2010-08-24,2010,3,8,August,24,2,Tuesday,2010-08,2010Q3,False
20100825,2010-08-25,2010,3,8,August,25,3,Wednesday,2010-08,2010Q3,False
20100826,2010-08-26,2010,3,8,August,26,4,Thursday,2010-08,2010Q3,False
20100827,2010-08-27,2010,3,8,August,27,5,Friday,2010-08,2010Q3,False
20100828,2010-08-28,2010,3,8,August,28,6,Saturday,2010-08,2010Q3,False
20100829,2010-08-29,2010,3,8,August,29,7,Sunday,2010-08,2010Q3,False
20100830,2010-08-30,2010,3,8,August,30,1,Monday,2010-08,2010Q3,False
20100831,2010-08-31,2010,3,8,August,31,2,Tuesday,2010-08,2010Q3,True
20100901,2010-09-01,2010,3,9,September,1,3,Wednesday,2010-09,2010Q3,False
20100902,2010-09-02,2010,3,9,September,2,4,Thursday,2010-09,2010Q3,False
20100903,2010-09-03,2010,3,9,September,3,5,Friday,2010-09,2010Q3,False
20100904,2010-09-04,2010,3,9,September,4,6,Saturday,2010-09,2010Q3,False
20100905,2010-09-05,2010,3,9,September,5,7,Sunday,2010-09,2010Q3,False
20100906,2010-09-06,2010,3,9,September,6,1,Monday,2010-09,2010Q3,False
20100907,2010-09-07,2010,3,9,September,7,2,Tuesday,2010-09,2010Q3,False
20100908,2010-09-08,2010,3,9,September,8,3,Wednesday,2010-09,2010Q3,False
20100909,2010-09-09,2010,3,9,September,9,4,Thursday,2010-09,2010Q3,False
20100910,2010-09-10,2010,3,9,September,10,5,Friday,2010-09,2010Q3,False
20100911,2010-09-11,2010,3,9,September,11,6,Saturday,2010-09,2010Q3,False
20100912,2010-09-12,2010,3,9,September,12,7,Sunday,2010-09,2010Q3,False
20100913,2010-09-13,2010,3,9,September,13,1,Monday,2010-09,2010Q3,False
20100914,2010-09-14,2010,3,9,September,14,2,Tuesday,2010-09,2010Q3,False
20100915,2010-09-15,2010,3,9,September,15,3,Wednesday,2010-09,2010Q3,False
20100916,2010-09-16,2010,3,9,September,16,4,Thursday,2010-09,2010Q3,False
20100917,2010-09-17,2010,3,9,September,17,5,Friday,2010-09,2010Q3,False
20100918,2010-09-18,2010,3,9,September,18,6,Saturday,2010-09,2010Q3,False
20100919,2010-09-19,2010,3,9,September,19,7,Sunday,2010-09,2010Q3,False
20100920,2010-09-20,2010,3,9,September,20,1,Monday,2010-09,2010Q3,False
20100921,2010-09-21,2010,3,9,September,21,2,Tuesday,2010-09,2010Q3,False
20100922,2010-09-22,2010,3,9,September,22,3,Wednesday,2010-09,2010Q3,False
20100923,2010-09-23,2010,3,9,September,23,4,Thursday,2010-09,2010Q3,False
20100924,2010-09-24,2010,3,9,September,24,5,Friday,2010-09,2010Q3,False
20100925,2010-09-25,2010,3,9,September,25,6,Saturday,2010-09,2010Q3,False
20100926,2010-09-26,2010,3,9,September,26,7,Sunday,2010-09,2010Q3,False
20100927,2010-09-27,2010,3,9,September,27,1,Monday,2010-09,2010Q3,False
20100928,2010-09-28,2010,3,9,September,28,2,Tuesday,2010-09,2010Q3,False
20100929,2010-09-29,2010,3,9,September,29,3,Wednesday,2010-09,2010Q3,False
20100930,2010-09-30,2010,3,9,September,30,4,Thursday,2010-09,2010Q3,True
20101001,2010-10-01,2010,4,10,October,1,5,Friday,2010-10,2010Q4,False
20101002,2010-10-02,2010,4,10,October,2,6,Saturday,2010-10,2010Q4,False
20101003,2010-10-03,2010,4,10,October,3,7,Sunday,2010-10,2010Q4,False
20101004,2010-10-04,2010,4,10,October,4,1,Monday,2010-10,2010Q4,False
20101005,2010-10-05,2010,4,10,October,5,2,Tuesday,2010-10,2010Q4,False
20101006,2010-10-06,2010,4,10,October,6,3,Wednesday,2010-10,2010Q4,False
20101007,2010-10-07,2010,4,10,October,7,4,Thursday,2010-10,2010Q4,False
20101008,2010-10-08,2010,4,10,October,8,5,Friday,2010-10,2010Q4,False
20101009,2010-10-09,2010,4,10,October,9,6,Saturday,2010-10,2010Q4,False
20101010,2010-10-10,2010,4,10,October,10,7,Sunday,2010-10,2010Q4,False
20101011,2010-10-11,2010,4,10,October,11,1,Monday,2010-10,2010Q4,False
20101012,2010-10-12,2010,4,10,October,12,2,Tuesday,2010-10,2010Q4,False
20101013,2010-10-13,2010,4,10,October,13,3,Wednesday,2010-10,2010Q4,False
20101014,2010-10-14,2010,4,10,October,14,4,Thursday,2010-10,2010Q4,False
20101015,2010-10-15,2010,4,10,October,15,5,Friday,2010-10,2010Q4,False
20101016,2010-10-16,2010,4,10,October,16,6,Saturday,2010-10,2010Q4,False
20101017,2010-10-17,2010,4,10,October,17,7,Sunday,2010-10,2010Q4,False
20101018,2010-10-18,2010,4,10,October,18,1,Monday,2010-10,2010Q4,False
20101019,2010-10-19,2010,4,10,October,19,2,Tuesday,2010-10,2010Q4,False
20101020,2010-10-20,2010,4,10,October,20,3,Wednesday,2010-10,2010Q4,False
20101021,2010-10-21,2010,4,10,October,21,4,Thursday,2010-10,2010Q4,False
20101022,2010-10-22,2010,4,10,October,22,5,Friday,2010-10,2010Q4,False
20101023,2010-10-23,2010,4,10,October,23,6,Saturday,2010-10,2010Q4,False
20101024,2010-10-24,2010,4,10,October,24,7,Sunday,2010-10,2010Q4,False
20101025,2010-10-25,2010,4,10,October,25,1,Monday,2010-10,2010Q4,False
20101026,2010-10-26,2010,4,10,October,26,2,Tuesday,2010-10,2010Q4,False
20101027,2010-10-27,2010,4,10,October,27,3,Wednesday,2010-10,2010Q4,False
20101028,2010-10-28,2010,4,10,October,28,4,Thursday,2010-10,2010Q4,False
20101029,2010-10-29,2010,4,10,October,29,5,Friday,2010-10,2010Q4,False
20101030,2010-10-30,2010,4,10,October,30,6,Saturday,2010-10,2010Q4,False
20101031,2010-10-31,2010,4,10,October,31,7,Sunday,2010-10,2010Q4,True
20101101,2010-11-01,2010,4,11,November,1,1,Monday,2010-11,2010Q4,False
20101102,2010-11-02,2010,4,11,November,2,2,Tuesday,2010-11,2010Q4,False
20101103,2010-11-03,2010,4,11,November,3,3,Wednesday,2010-11,2010Q4,False
20101104,2010-11-04,2010,4,11,November,4,4,Thursday,2010-11,2010Q4,False
20101105,2010-11-05,2010,4,11,November,5,5,Friday,2010-11,2010Q4,False
20101106,2010-11-06,2010,4,11,November,6,6,Saturday,2010-11,2010Q4,False
20101107,2010-11-07,2010,4,11,November,7,7,Sunday,2010-11,2010Q4,False
20101108,2010-11-08,2010,4,11,November,8,1,Monday,2010-11,2010Q4,False
20101109,2010-11-09,2010,4,11,November,9,2,Tuesday,2010-11,2010Q4,False
20101110,2010-11-10,2010,4,11,November,10,3,Wednesday,2010-11,2010Q4,False
20101111,2010-11-11,2010,4,11,November,11,4,Thursday,2010-11,2010Q4,False
20101112,2010-11-12,2010,4,11,November,12,5,Friday,2010-11,2010Q4,False
20101113,2010-11-13,2010,4,11,November,13,6,Saturday,2010-11,2010Q4,False
20101114,2010-11-14,2010,4,11,November,14,7,Sunday,2010-11,2010Q4,False
20101115,2010-11-15,2010,4,11,November,15,1,Monday,2010-11,2010Q4,False
20101116,2010-11-16,2010,4,11,November,16,2,Tuesday,2010-11,2010Q4,False
20101117,2010-11-17,2010,4,11,November,17,3,Wednesday,2010-11,2010Q4,False
20101118,2010-11-18,2010,4,11,November,18,4,Thursday,2010-11,2010Q4,False
20101119,2010-11-19,2010,4,11,November,19,5,Friday,2010-11,2010Q4,False
20101120,2010-11-20,2010,4,11,November,20,6,Saturday,2010-11,2010Q4,False
20101121,2010-11-21,2010,4,11,November,21,7,Sunday,2010-11,2010Q4,False
20101122,2010-11-22,2010,4,11,November,22,1,Monday,2010-11,2010Q4,False
20101123,2010-11-23,2010,4,11,November,23,2,Tuesday,2010-11,2010Q4,False
20101124,2010-11-24,2010,4,11,November,24,3,Wednesday,2010-11,2010Q4,False
20101125,2010-11-25,2010,4,11,November,25,4,Thursday,2010-11,2010Q4,False
20101126,2010-11-26,2010,4,11,November,26,5,Friday,2010-11,2010Q4,False
20101127,2010-11-27,2010,4,11,November,27,6,Saturday,2010-11,2010Q4,False
20101128,2010-11-28,2010,4,11,November,28,7,Sunday,2010-11,2010Q4,False
20101129,2010-11-29,2010,4,11,November,29,1,Monday,2010-11,2010Q4,False
20101130,2010-11-30,2010,4,11,November,30,2,Tuesday,2010-11,2010Q4,True
20101201,2010-12-01,2010,4,12,December,1,3,Wednesday,2010-12,2010Q4,False
20101202,2010-12-02,2010,4,12,December,2,4,Thursday,2010-12,2010Q4,False
20101203,2010-12-03,2010,4,12,December,3,5,Friday,2010-12,2010Q4,False
20101204,2010-12-04,2010,4,12,December,4,6,Saturday,2010-12,2010Q4,False
20101205,2010-12-05,2010,4,12,December,5,7,Sunday,2010-12,2010Q4,False
20101206,2010-12-06,2010,4,12,December,6,1,Monday,2010-12,2010Q4,False
20101207,2010-12-07,2010,4,12,December,7,2,Tuesday,2010-12,2010Q4,False
20101208,2010-12-08,2010,4,12,December,8,3,Wednesday,2010-12,2010Q4,False
20101209,2010-12-09,2010,4,12,December,9,4,Thursday,2010-12,2010Q4,False
20101210,2010-12-10,2010,4,12,December,10,5,Friday,2010-12,2010Q4,False
20101211,2010-12-11,2010,4,12,December,11,6,Saturday,2010-12,2010Q4,False
20101212,2010-12-12,2010,4,12,December,12,7,Sunday,2010-12,2010Q4,False
20101213,2010-12-13,2010,4,12,December,13,1,Monday,2010-12,2010Q4,False
20101214,2010-12-14,2010,4,12,December,14,2,Tuesday,2010-12,2010Q4,False
20101215,2010-12-15,2010,4,12,December,15,3,Wednesday,2010-12,2010Q4,False
20101216,2010-12-16,2010,4,12,December,16,4,Thursday,2010-12,2010Q4,False
20101217,2010-12-17,2010,4,12,December,17,5,Friday,2010-12,2010Q4,False
20101218,2010-12-18,2010,4,12,December,18,6,Saturday,2010-12,2010Q4,False
20101219,2010-12-19,2010,4,12,December,19,7,Sunday,2010-12,2010Q4,False
20101220,2010-12-20,2010,4,12,December,20,1,Monday,2010-12,2010Q4,False
20101221,2010-12-21,2010,4,12,December,21,2,Tuesday,2010-12,2010Q4,False
20101222,2010-12-22,2010,4,12,December,22,3,Wednesday,2010-12,2010Q4,False
20101223,2010-12-23,2010,4,12,December,23,4,Thursday,2010-12,2010Q4,False
20101224,2010-12-24,2010,4,12,December,24,5,Friday,2010-12,2010Q4,False
20101225,2010-12-25,2010,4,12,December,25,6,Saturday,2010-12,2010Q4,False
20101226,2010-12-26,2010,4,12,December,26,7,Sunday,2010-12,2010Q4,False
20101227,2010-12-27,2010,4,12,December,27,1,Monday,2010-12,2010Q4,False
20101228,2010-12-28,2010,4,12,December,28,2,Tuesday,2010-12,2010Q4,False
20101229,2010-12-29,2010,4,12,December,29,3,Wednesday,2010-12,2010Q4,False
20101230,2010-12-30,2010,4,12,December,30,4,Thursday,2010-12,2010Q4,False
20101231,2010-12-31,2010,4,12,December,31,5,Friday,2010-12,2010Q4,True
20110101,2011-01-01,2011,1,1,January,1,6,Saturday,2011-01,2011Q1,False
20110102,2011-01-02,2011,1,1,January,2,7,Sunday,2011-01,2011Q1,False
20110103,2011-01-03,2011,1,1,January,3,1,Monday,2011-01,2011Q1,False
20110104,2011-01-04,2011,1,1,January,4,2,Tuesday,2011-01,2011Q1,False
20110105,2011-01-05,2011,1,1,January,5,3,Wednesday,2011-01,2011Q1,False
20110106,2011-01-06,2011,1,1,January,6,4,Thursday,2011-01,2011Q1,False
20110107,2011-01-07,2011,1,1,January,7,5,Friday,2011-01,2011Q1,False
20110108,2011-01-08,2011,1,1,January,8,6,Saturday,2011-01,2011Q1,False
20110109,2011-01-09,2011,1,1,January,9,7,Sunday,2011-01,2011Q1,False
20110110,2011-01-10,2011,1,1,January,10,1,Monday,2011-01,2011Q1,False
20110111,2011-01-11,2011,1,1,January,11,2,Tuesday,2011-01,2011Q1,False
20110112,2011-01-12,2011,1,1,January,12,3,Wednesday,2011-01,2011Q1,False
20110113,2011-01-13,2011,1,1,January,13,4,Thursday,2011-01,2011Q1,False
20110114,2011-01-14,2011,1,1,January,14,5,Friday,2011-01,2011Q1,False
20110115,2011-01-15,2011,1,1,January,15,6,Saturday,2011-01,2011Q1,False
20110116,2011-01-16,2011,1,1,January,16,7,Sunday,2011-01,2011Q1,False
20110117,2011-01-17,2011,1,1,January,17,1,Monday,2011-01,2011Q1,False
20110118,2011-01-18,2011,1,1,January,18,2,Tuesday,2011-01,2011Q1,False
20110119,2011-01-19,2011,1,1,January,19,3,Wednesday,2011-01,2011Q1,False
20110120,2011-01-20,2011,1,1,January,20,4,Thursday,2011-01,2011Q1,False
20110121,2011-01-21,2011,1,1,January,21,5,Friday,2011-01,2011Q1,False
20110122,2011-01-22,2011,1,1,January,22,6,Saturday,2011-01,2011Q1,False
20110123,2011-01-23,2011,1,1,January,23,7,Sunday,2011-01,2011Q1,False
20110124,2011-01-24,2011,1,1,January,24,1,Monday,2011-01,2011Q1,False
20110125,2011-01-25,2011,1,1,January,25,2,Tuesday,2011-01,2011Q1,False
20110126,2011-01-26,2011,1,1,January,26,3,Wednesday,2011-01,2011Q1,False
20110127,2011-01-27,2011,1,1,January,27,4,Thursday,2011-01,2011Q1,False
20110128,2011-01-28,2011,1,1,January,28,5,Friday,2011-01,2011Q1,False
20110129,2011-01-29,2011,1,1,January,29,6,Saturday,2011-01,2011Q1,False
20110130,2011-01-30,2011,1,1,January,30,7,Sunday,2011-01,2011Q1,False
20110131,2011-01-31,2011,1,1,January,31,1,Monday,2011-01,2011Q1,True
20110201,2011-02-01,2011,1,2,February,1,2,Tuesday,2011-02,2011Q1,False
20110202,2011-02-02,2011,1,2,February,2,3,Wednesday,2011-02,2011Q1,False
20110203,2011-02-03,2011,1,2,February,3,4,Thursday,2011-02,2011Q1,False
20110204,2011-02-04,2011,1,2,February,4,5,Friday,2011-02,2011Q1,False
20110205,2011-02-05,2011,1,2,February,5,6,Saturday,2011-02,2011Q1,False
20110206,2011-02-06,2011,1,2,February,6,7,Sunday,2011-02,2011Q1,False
20110207,2011-02-07,2011,1,2,February,7,1,Monday,2011-02,2011Q1,False
20110208,2011-02-08,2011,1,2,February,8,2,Tuesday,2011-02,2011Q1,False
20110209,2011-02-09,2011,1,2,February,9,3,Wednesday,2011-02,2011Q1,False
20110210,2011-02-10,2011,1,2,February,10,4,Thursday,2011-02,2011Q1,False
20110211,2011-02-11,2011,1,2,February,11,5,Friday,2011-02,2011Q1,False
20110212,2011-02-12,2011,1,2,February,12,6,Saturday,2011-02,2011Q1,False
20110213,2011-02-13,2011,1,2,February,13,7,Sunday,2011-02,2011Q1,False
20110214,2011-02-14,2011,1,2,February,14,1,Monday,2011-02,2011Q1,False
20110215,2011-02-15,2011,1,2,February,15,2,Tuesday,2011-02,2011Q1,False
20110216,2011-02-16,2011,1,2,February,16,3,Wednesday,2011-02,2011Q1,False
20110217,2011-02-17,2011,1,2,February,17,4,Thursday,2011-02,2011Q1,False
20110218,2011-02-18,2011,1,2,February,18,5,Friday,2011-02,2011Q1,False
20110219,2011-02-19,2011,1,2,February,19,6,Saturday,2011-02,2011Q1,False
20110220,2011-02-20,2011,1,2,February,20,7,Sunday,2011-02,2011Q1,False
20110221,2011-02-21,2011,1,2,February,21,1,Monday,2011-02,2011Q1,False
20110222,2011-02-22,2011,1,2,February,22,2,Tuesday,2011-02,2011Q1,False
20110223,2011-02-23,2011,1,2,February,23,3,Wednesday,2011-02,2011Q1,False
20110224,2011-02-24,2011,1,2,February,24,4,Thursday,2011-02,2011Q1,False
20110225,2011-02-25,2011,1,2,February,25,5,Friday,2011-02,2011Q1,False
20110226,2011-02-26,2011,1,2,February,26,6,Saturday,2011-02,2011Q1,False
20110227,2011-02-27,2011,1,2,February,27,7,Sunday,2011-02,2011Q1,False
20110228,2011-02-28,2011,1,2,February,28,1,Monday,2011-02,2011Q1,True
20110301,2011-03-01,2011,1,3,March,1,2,Tuesday,2011-03,2011Q1,False
20110302,2011-03-02,2011,1,3,March,2,3,Wednesday,2011-03,2011Q1,False
20110303,2011-03-03,2011,1,3,March,3,4,Thursday,2011-03,2011Q1,False
20110304,2011-03-04,2011,1,3,March,4,5,Friday,2011-03,2011Q1,False
20110305,2011-03-05,2011,1,3,March,5,6,Saturday,2011-03,2011Q1,False
20110306,2011-03-06,2011,1,3,March,6,7,Sunday,2011-03,2011Q1,False
20110307,2011-03-07,2011,1,3,March,7,1,Monday,2011-03,2011Q1,False
20110308,2011-03-08,2011,1,3,March,8,2,Tuesday,2011-03,2011Q1,False
20110309,2011-03-09,2011,1,3,March,9,3,Wednesday,2011-03,2011Q1,False
20110310,2011-03-10,2011,1,3,March,10,4,Thursday,2011-03,2011Q1,False
20110311,2011-03-11,2011,1,3,March,11,5,Friday,2011-03,2011Q1,False
20110312,2011-03-12,2011,1,3,March,12,6,Saturday,2011-03,2011Q1,False
20110313,2011-03-13,2011,1,3,March,13,7,Sunday,2011-03,2011Q1,False
20110314,2011-03-14,2011,1,3,March,14,1,Monday,2011-03,2011Q1,False
20110315,2011-03-15,2011,1,3,March,15,2,Tuesday,2011-03,2011Q1,False
20110316,2011-03-16,2011,1,3,March,16,3,Wednesday,2011-03,2011Q1,False
20110317,2011-03-17,2011,1,3,March,17,4,Thursday,2011-03,2011Q1,False
20110318,2011-03-18,2011,1,3,March,18,5,Friday,2011-03,2011Q1,False
20110319,2011-03-19,2011,1,3,March,19,6,Saturday,2011-03,2011Q1,False
20110320,2011-03-20,2011,1,3,March,20,7,Sunday,2011-03,2011Q1,False
20110321,2011-03-21,2011,1,3,March,21,1,Monday,2011-03,2011Q1,False
20110322,2011-03-22,2011,1,3,March,22,2,Tuesday,2011-03,2011Q1,False
20110323,2011-03-23,2011,1,3,March,23,3,Wednesday,2011-03,2011Q1,False
20110324,2011-03-24,2011,1,3,March,24,4,Thursday,2011-03,2011Q1,False
20110325,2011-03-25,2011,1,3,March,25,5,Friday,2011-03,2011Q1,False
20110326,2011-03-26,2011,1,3,March,26,6,Saturday,2011-03,2011Q1,False
20110327,2011-03-27,2011,1,3,March,27,7,Sunday,2011-03,2011Q1,False
20110328,2011-03-28,2011,1,3,March,28,1,Monday,2011-03,2011Q1,False
20110329,2011-03-29,2011,1,3,March,29,2,Tuesday,2011-03,2011Q1,False
20110330,2011-03-30,2011,1,3,March,30,3,Wednesday,2011-03,2011Q1,False
20110331,2011-03-31,2011,1,3,March,31,4,Thursday,2011-03,2011Q1,True
20110401,2011-04-01,2011,2,4,April,1,5,Friday,2011-04,2011Q2,False
20110402,2011-04-02,2011,2,4,April,2,6,Saturday,2011-04,2011Q2,False
20110403,2011-04-03,2011,2,4,April,3,7,Sunday,2011-04,2011Q2,False
20110404,2011-04-04,2011,2,4,April,4,1,Monday,2011-04,2011Q2,False
20110405,2011-04-05,2011,2,4,April,5,2,Tuesday,2011-04,2011Q2,False
20110406,2011-04-06,2011,2,4,April,6,3,Wednesday,2011-04,2011Q2,False
20110407,2011-04-07,2011,2,4,April,7,4,Thursday,2011-04,2011Q2,False
20110408,2011-04-08,2011,2,4,April,8,5,Friday,2011-04,2011Q2,False
20110409,2011-04-09,2011,2,4,April,9,6,Saturday,2011-04,2011Q2,False
20110410,2011-04-10,2011,2,4,April,10,7,Sunday,2011-04,2011Q2,False
20110411,2011-04-11,2011,2,4,April,11,1,Monday,2011-04,2011Q2,False
20110412,2011-04-12,2011,2,4,April,12,2,Tuesday,2011-04,2011Q2,False
20110413,2011-04-13,2011,2,4,April,13,3,Wednesday,2011-04,2011Q2,False
20110414,2011-04-14,2011,2,4,April,14,4,Thursday,2011-04,2011Q2,False
20110415,2011-04-15,2011,2,4,April,15,5,Friday,2011-04,2011Q2,False
20110416,2011-04-16,2011,2,4,April,16,6,Saturday,2011-04,2011Q2,False
20110417,2011-04-17,2011,2,4,April,17,7,Sunday,2011-04,2011Q2,False
20110418,2011-04-18,2011,2,4,April,18,1,Monday,2011-04,2011Q2,False
20110419,2011-04-19,2011,2,4,April,19,2,Tuesday,2011-04,2011Q2,False
20110420,2011-04-20,2011,2,4,April,20,3,Wednesday,2011-04,2011Q2,False
20110421,2011-04-21,2011,2,4,April,21,4,Thursday,2011-04,2011Q2,False
20110422,2011-04-22,2011,2,4,April,22,5,Friday,2011-04,2011Q2,False
20110423,2011-04-23,2011,2,4,April,23,6,Saturday,2011-04,2011Q2,False
20110424,2011-04-24,2011,2,4,April,24,7,Sunday,2011-04,2011Q2,False
20110425,2011-04-25,2011,2,4,April,25,1,Monday,2011-04,2011Q2,False
20110426,2011-04-26,2011,2,4,April,26,2,Tuesday,2011-04,2011Q2,False
20110427,2011-04-27,2011,2,4,April,27,3,Wednesday,2011-04,2011Q2,False
20110428,2011-04-28,2011,2,4,April,28,4,Thursday,2011-04,2011Q2,False
20110429,2011-04-29,2011,2,4,April,29,5,Friday,2011-04,2011Q2,False
20110430,2011-04-30,2011,2,4,April,30,6,Saturday,2011-04,2011Q2,True
20110501,2011-05-01,2011,2,5,May,1,7,Sunday,2011-05,2011Q2,False
20110502,2011-05-02,2011,2,5,May,2,1,Monday,2011-05,2011Q2,False
20110503,2011-05-03,2011,2,5,May,3,2,Tuesday,2011-05,2011Q2,False
20110504,2011-05-04,2011,2,5,May,4,3,Wednesday,2011-05,2011Q2,False
20110505,2011-05-05,2011,2,5,May,5,4,Thursday,2011-05,2011Q2,False
20110506,2011-05-06,2011,2,5,May,6,5,Friday,2011-05,2011Q2,False
20110507,2011-05-07,2011,2,5,May,7,6,Saturday,2011-05,2011Q2,False
20110508,2011-05-08,2011,2,5,May,8,7,Sunday,2011-05,2011Q2,False
20110509,2011-05-09,2011,2,5,May,9,1,Monday,2011-05,2011Q2,False
20110510,2011-05-10,2011,2,5,May,10,2,Tuesday,2011-05,2011Q2,False
20110511,2011-05-11,2011,2,5,May,11,3,Wednesday,2011-05,2011Q2,False
20110512,2011-05-12,2011,2,5,May,12,4,Thursday,2011-05,2011Q2,False
20110513,2011-05-13,2011,2,5,May,13,5,Friday,2011-05,2011Q2,False
20110514,2011-05-14,2011,2,5,May,14,6,Saturday,2011-05,2011Q2,False
20110515,2011-05-15,2011,2,5,May,15,7,Sunday,2011-05,2011Q2,False
20110516,2011-05-16,2011,2,5,May,16,1,Monday,2011-05,2011Q2,False
20110517,2011-05-17,2011,2,5,May,17,2,Tuesday,2011-05,2011Q2,False
20110518,2011-05-18,2011,2,5,May,18,3,Wednesday,2011-05,2011Q2,False
20110519,2011-05-19,2011,2,5,May,19,4,Thursday,2011-05,2011Q2,False
20110520,2011-05-20,2011,2,5,May,20,5,Friday,2011-05,2011Q2,False
20110521,2011-05-21,2011,2,5,May,21,6,Saturday,2011-05,2011Q2,False
20110522,2011-05-22,2011,2,5,May,22,7,Sunday,2011-05,2011Q2,False
20110523,2011-05-23,2011,2,5,May,23,1,Monday,2011-05,2011Q2,False
20110524,2011-05-24,2011,2,5,May,24,2,Tuesday,2011-05,2011Q2,False
20110525,2011-05-25,2011,2,5,May,25,3,Wednesday,2011-05,2011Q2,False
20110526,2011-05-26,2011,2,5,May,26,4,Thursday,2011-05,2011Q2,False
20110527,2011-05-27,2011,2,5,May,27,5,Friday,2011-05,2011Q2,False
20110528,2011-05-28,2011,2,5,May,28,6,Saturday,2011-05,2011Q2,False
20110529,2011-05-29,2011,2,5,May,29,7,Sunday,2011-05,2011Q2,False
20110530,2011-05-30,2011,2,5,May,30,1,Monday,2011-05,2011Q2,False
20110531,2011-05-31,2011,2,5,May,31,2,Tuesday,2011-05,2011Q2,True
20110601,2011-06-01,2011,2,6,June,1,3,Wednesday,2011-06,2011Q2,False
20110602,2011-06-02,2011,2,6,June,2,4,Thursday,2011-06,2011Q2,False
20110603,2011-06-03,2011,2,6,June,3,5,Friday,2011-06,2011Q2,False
20110604,2011-06-04,2011,2,6,June,4,6,Saturday,2011-06,2011Q2,False
20110605,2011-06-05,2011,2,6,June,5,7,Sunday,2011-06,2011Q2,False
20110606,2011-06-06,2011,2,6,June,6,1,Monday,2011-06,2011Q2,False
20110607,2011-06-07,2011,2,6,June,7,2,Tuesday,2011-06,2011Q2,False
20110608,2011-06-08,2011,2,6,June,8,3,Wednesday,2011-06,2011Q2,False
20110609,2011-06-09,2011,2,6,June,9,4,Thursday,2011-06,2011Q2,False
20110610,2011-06-10,2011,2,6,June,10,5,Friday,2011-06,2011Q2,False
20110611,2011-06-11,2011,2,6,June,11,6,Saturday,2011-06,2011Q2,False
20110612,2011-06-12,2011,2,6,June,12,7,Sunday,2011-06,2011Q2,False
20110613,2011-06-13,2011,2,6,June,13,1,Monday,2011-06,2011Q2,False
20110614,2011-06-14,2011,2,6,June,14,2,Tuesday,2011-06,2011Q2,False
20110615,2011-06-15,2011,2,6,June,15,3,Wednesday,2011-06,2011Q2,False
20110616,2011-06-16,2011,2,6,June,16,4,Thursday,2011-06,2011Q2,False
20110617,2011-06-17,2011,2,6,June,17,5,Friday,2011-06,2011Q2,False
20110618,2011-06-18,2011,2,6,June,18,6,Saturday,2011-06,2011Q2,False
20110619,2011-06-19,2011,2,6,June,19,7,Sunday,2011-06,2011Q2,False
20110620,2011-06-20,2011,2,6,June,20,1,Monday,2011-06,2011Q2,False
20110621,2011-06-21,2011,2,6,June,21,2,Tuesday,2011-06,2011Q2,False
20110622,2011-06-22,2011,2,6,June,22,3,Wednesday,2011-06,2011Q2,False
20110623,2011-06-23,2011,2,6,June,23,4,Thursday,2011-06,2011Q2,False
20110624,2011-06-24,2011,2,6,June,24,5,Friday,2011-06,2011Q2,False
20110625,2011-06-25,2011,2,6,June,25,6,Saturday,2011-06,2011Q2,False
20110626,2011-06-26,2011,2,6,June,26,7,Sunday,2011-06,2011Q2,False
20110627,2011-06-27,2011,2,6,June,27,1,Monday,2011-06,2011Q2,False
20110628,2011-06-28,2011,2,6,June,28,2,Tuesday,2011-06,2011Q2,False
20110629,2011-06-29,2011,2,6,June,29,3,Wednesday,2011-06,2011Q2,False
20110630,2011-06-30,2011,2,6,June,30,4,Thursday,2011-06,2011Q2,True
20110701,2011-07-01,2011,3,7,July,1,5,Friday,2011-07,2011Q3,False
20110702,2011-07-02,2011,3,7,July,2,6,Saturday,2011-07,2011Q3,False
20110703,2011-07-03,2011,3,7,July,3,7,Sunday,2011-07,2011Q3,False
20110704,2011-07-04,2011,3,7,July,4,1,Monday,2011-07,2011Q3,False
20110705,2011-07-05,2011,3,7,July,5,2,Tuesday,2011-07,2011Q3,False
20110706,2011-07-06,2011,3,7,July,6,3,Wednesday,2011-07,2011Q3,False
20110707,2011-07-07,2011,3,7,July,7,4,Thursday,2011-07,2011Q3,False
20110708,2011-07-08,2011,3,7,July,8,5,Friday,2011-07,2011Q3,False
20110709,2011-07-09,2011,3,7,July,9,6,Saturday,2011-07,2011Q3,False
20110710,2011-07-10,2011,3,7,July,10,7,Sunday,2011-07,2011Q3,False
20110711,2011-07-11,2011,3,7,July,11,1,Monday,2011-07,2011Q3,False
20110712,2011-07-12,2011,3,7,July,12,2,Tuesday,2011-07,2011Q3,False
20110713,2011-07-13,2011,3,7,July,13,3,Wednesday,2011-07,2011Q3,False
20110714,2011-07-14,2011,3,7,July,14,4,Thursday,2011-07,2011Q3,False
20110715,2011-07-15,2011,3,7,July,15,5,Friday,2011-07,2011Q3,False
20110716,2011-07-16,2011,3,7,July,16,6,Saturday,2011-07,2011Q3,False
20110717,2011-07-17,2011,3,7,July,17,7,Sunday,2011-07,2011Q3,False
20110718,2011-07-18,2011,3,7,July,18,1,Monday,2011-07,2011Q3,False
20110719,2011-07-19,2011,3,7,July,19,2,Tuesday,2011-07,2011Q3,False
20110720,2011-07-20,2011,3,7,July,20,3,Wednesday,2011-07,2011Q3,False
20110721,2011-07-21,2011,3,7,July,21,4,Thursday,2011-07,2011Q3,False
20110722,2011-07-22,2011,3,7,July,22,5,Friday,2011-07,2011Q3,False
20110723,2011-07-23,2011,3,7,July,23,6,Saturday,2011-07,2011Q3,False
20110724,2011-07-24,2011,3,7,July,24,7,Sunday,2011-07,2011Q3,False
20110725,2011-07-25,2011,3,7,July,25,1,Monday,2011-07,2011Q3,False
20110726,2011-07-26,2011,3,7,July,26,2,Tuesday,2011-07,2011Q3,False
20110727,2011-07-27,2011,3,7,July,27,3,Wednesday,2011-07,2011Q3,False
20110728,2011-07-28,2011,3,7,July,28,4,Thursday,2011-07,2011Q3,False
20110729,2011-07-29,2011,3,7,July,29,5,Friday,2011-07,2011Q3,False
20110730,2011-07-30,2011,3,7,July,30,6,Saturday,2011-07,2011Q3,False
20110731,2011-07-31,2011,3,7,July,31,7,Sunday,2011-07,2011Q3,True
20110801,2011-08-01,2011,3,8,August,1,1,Monday,2011-08,2011Q3,False
20110802,2011-08-02,2011,3,8,August,2,2,Tuesday,2011-08,2011Q3,False
20110803,2011-08-03,2011,3,8,August,3,3,Wednesday,2011-08,2011Q3,False
20110804,2011-08-04,2011,3,8,August,4,4,Thursday,2011-08,2011Q3,False
20110805,2011-08-05,2011,3,8,August,5,5,Friday,2011-08,2011Q3,False
20110806,2011-08-06,2011,3,8,August,6,6,Saturday,2011-08,2011Q3,False
20110807,2011-08-07,2011,3,8,August,7,7,Sunday,2011-08,2011Q3,False
20110808,2011-08-08,2011,3,8,August,8,1,Monday,2011-08,2011Q3,False
20110809,2011-08-09,2011,3,8,August,9,2,Tuesday,2011-08,2011Q3,False
20110810,2011-08-10,2011,3,8,August,10,3,Wednesday,2011-08,2011Q3,False
20110811,2011-08-11,2011,3,8,August,11,4,Thursday,2011-08,2011Q3,False
20110812,2011-08-12,2011,3,8,August,12,5,Friday,2011-08,2011Q3,False
20110813,2011-08-13,2011,3,8,August,13,6,Saturday,2011-08,2011Q3,False
20110814,2011-08-14,2011,3,8,August,14,7,Sunday,2011-08,2011Q3,False
20110815,2011-08-15,2011,3,8,August,15,1,Monday,2011-08,2011Q3,False
20110816,2011-08-16,2011,3,8,August,16,2,Tuesday,2011-08,2011Q3,False
20110817,2011-08-17,2011,3,8,August,17,3,Wednesday,2011-08,2011Q3,False
20110818,2011-08-18,2011,3,8,August,18,4,Thursday,2011-08,2011Q3,False
20110819,2011-08-19,2011,3,8,August,19,5,Friday,2011-08,2011Q3,False
20110820,2011-08-20,2011,3,8,August,20,6,Saturday,2011-08,2011Q3,False
20110821,2011-08-21,2011,3,8,August,21,7,Sunday,2011-08,2011Q3,False
20110822,2011-08-22,2011,3,8,August,22,1,Monday,2011-08,2011Q3,False
20110823,2011-08-23,2011,3,8,August,23,2,Tuesday,2011-08,2011Q3,False
20110824,2011-08-24,2011,3,8,August,24,3,Wednesday,2011-08,2011Q3,False
20110825,2011-08-25,2011,3,8,August,25,4,Thursday,2011-08,2011Q3,False
20110826,2011-08-26,2011,3,8,August,26,5,Friday,2011-08,2011Q3,False
20110827,2011-08-27,2011,3,8,August,27,6,Saturday,2011-08,2011Q3,False
20110828,2011-08-28,2011,3,8,August,28,7,Sunday,2011-08,2011Q3,False
20110829,2011-08-29,2011,3,8,August,29,1,Monday,2011-08,2011Q3,False
20110830,2011-08-30,2011,3,8,August,30,2,Tuesday,2011-08,2011Q3,False
20110831,2011-08-31,2011,3,8,August,31,3,Wednesday,2011-08,2011Q3,True
20110901,2011-09-01,2011,3,9,September,1,4,Thursday,2011-09,2011Q3,False
20110902,2011-09-02,2011,3,9,September,2,5,Friday,2011-09,2011Q3,False
20110903,2011-09-03,2011,3,9,September,3,6,Saturday,2011-09,2011Q3,False
20110904,2011-09-04,2011,3,9,September,4,7,Sunday,2011-09,2011Q3,False
20110905,2011-09-05,2011,3,9,September,5,1,Monday,2011-09,2011Q3,False
20110906,2011-09-06,2011,3,9,September,6,2,Tuesday,2011-09,2011Q3,False
20110907,2011-09-07,2011,3,9,September,7,3,Wednesday,2011-09,2011Q3,False
20110908,2011-09-08,2011,3,9,September,8,4,Thursday,2011-09,2011Q3,False
20110909,2011-09-09,2011,3,9,September,9,5,Friday,2011-09,2011Q3,False
20110910,2011-09-10,2011,3,9,September,10,6,Saturday,2011-09,2011Q3,False
20110911,2011-09-11,2011,3,9,September,11,7,Sunday,2011-09,2011Q3,False
20110912,2011-09-12,2011,3,9,September,12,1,Monday,2011-09,2011Q3,False
20110913,2011-09-13,2011,3,9,September,13,2,Tuesday,2011-09,2011Q3,False
20110914,2011-09-14,2011,3,9,September,14,3,Wednesday,2011-09,2011Q3,False
20110915,2011-09-15,2011,3,9,September,15,4,Thursday,2011-09,2011Q3,False
20110916,2011-09-16,2011,3,9,September,16,5,Friday,2011-09,2011Q3,False
20110917,2011-09-17,2011,3,9,September,17,6,Saturday,2011-09,2011Q3,False
20110918,2011-09-18,2011,3,9,September,18,7,Sunday,2011-09,2011Q3,False
20110919,2011-09-19,2011,3,9,September,19,1,Monday,2011-09,2011Q3,False
20110920,2011-09-20,2011,3,9,September,20,2,Tuesday,2011-09,2011Q3,False
20110921,2011-09-21,2011,3,9,September,21,3,Wednesday,2011-09,2011Q3,False
20110922,2011-09-22,2011,3,9,September,22,4,Thursday,2011-09,2011Q3,False
20110923,2011-09-23,2011,3,9,September,23,5,Friday,2011-09,2011Q3,False
20110924,2011-09-24,2011,3,9,September,24,6,Saturday,2011-09,2011Q3,False
20110925,2011-09-25,2011,3,9,September,25,7,Sunday,2011-09,2011Q3,False
20110926,2011-09-26,2011,3,9,September,26,1,Monday,2011-09,2011Q3,False
20110927,2011-09-27,2011,3,9,September,27,2,Tuesday,2011-09,2011Q3,False
20110928,2011-09-28,2011,3,9,September,28,3,Wednesday,2011-09,2011Q3,False
20110929,2011-09-29,2011,3,9,September,29,4,Thursday,2011-09,2011Q3,False
20110930,2011-09-30,2011,3,9,September,30,5,Friday,2011-09,2011Q3,True
20111001,2011-10-01,2011,4,10,October,1,6,Saturday,2011-10,2011Q4,False
20111002,2011-10-02,2011,4,10,October,2,7,Sunday,2011-10,2011Q4,False
20111003,2011-10-03,2011,4,10,October,3,1,Monday,2011-10,2011Q4,False
20111004,2011-10-04,2011,4,10,October,4,2,Tuesday,2011-10,2011Q4,False
20111005,2011-10-05,2011,4,10,October,5,3,Wednesday,2011-10,2011Q4,False
20111006,2011-10-06,2011,4,10,October,6,4,Thursday,2011-10,2011Q4,False
20111007,2011-10-07,2011,4,10,October,7,5,Friday,2011-10,2011Q4,False
20111008,2011-10-08,2011,4,10,October,8,6,Saturday,2011-10,2011Q4,False
20111009,2011-10-09,2011,4,10,October,9,7,Sunday,2011-10,2011Q4,False
20111010,2011-10-10,2011,4,10,October,10,1,Monday,2011-10,2011Q4,False
20111011,2011-10-11,2011,4,10,October,11,2,Tuesday,2011-10,2011Q4,False
20111012,2011-10-12,2011,4,10,October,12,3,Wednesday,2011-10,2011Q4,False
20111013,2011-10-13,2011,4,10,October,13,4,Thursday,2011-10,2011Q4,False
20111014,2011-10-14,2011,4,10,October,14,5,Friday,2011-10,2011Q4,False
20111015,2011-10-15,2011,4,10,October,15,6,Saturday,2011-10,2011Q4,False
20111016,2011-10-16,2011,4,10,October,16,7,Sunday,2011-10,2011Q4,False
20111017,2011-10-17,2011,4,10,October,17,1,Monday,2011-10,2011Q4,False
20111018,2011-10-18,2011,4,10,October,18,2,Tuesday,2011-10,2011Q4,False
20111019,2011-10-19,2011,4,10,October,19,3,Wednesday,2011-10,2011Q4,False
20111020,2011-10-20,2011,4,10,October,20,4,Thursday,2011-10,2011Q4,False
20111021,2011-10-21,2011,4,10,October,21,5,Friday,2011-10,2011Q4,False
20111022,2011-10-22,2011,4,10,October,22,6,Saturday,2011-10,2011Q4,False
20111023,2011-10-23,2011,4,10,October,23,7,Sunday,2011-10,2011Q4,False
20111024,2011-10-24,2011,4,10,October,24,1,Monday,2011-10,2011Q4,False
20111025,2011-10-25,2011,4,10,October,25,2,Tuesday,2011-10,2011Q4,False
20111026,2011-10-26,2011,4,10,October,26,3,Wednesday,2011-10,2011Q4,False
20111027,2011-10-27,2011,4,10,October,27,4,Thursday,2011-10,2011Q4,False
20111028,2011-10-28,2011,4,10,October,28,5,Friday,2011-10,2011Q4,False
20111029,2011-10-29,2011,4,10,October,29,6,Saturday,2011-10,2011Q4,False
20111030,2011-10-30,2011,4,10,October,30,7,Sunday,2011-10,2011Q4,False
20111031,2011-10-31,2011,4,10,October,31,1,Monday,2011-10,2011Q4,True
20111101,2011-11-01,2011,4,11,November,1,2,Tuesday,2011-11,2011Q4,False
20111102,2011-11-02,2011,4,11,November,2,3,Wednesday,2011-11,2011Q4,False
20111103,2011-11-03,2011,4,11,November,3,4,Thursday,2011-11,2011Q4,False
20111104,2011-11-04,2011,4,11,November,4,5,Friday,2011-11,2011Q4,False
20111105,2011-11-05,2011,4,11,November,5,6,Saturday,2011-11,2011Q4,False
20111106,2011-11-06,2011,4,11,November,6,7,Sunday,2011-11,2011Q4,False
20111107,2011-11-07,2011,4,11,November,7,1,Monday,2011-11,2011Q4,False
20111108,2011-11-08,2011,4,11,November,8,2,Tuesday,2011-11,2011Q4,False
20111109,2011-11-09,2011,4,11,November,9,3,Wednesday,2011-11,2011Q4,False
20111110,2011-11-10,2011,4,11,November,10,4,Thursday,2011-11,2011Q4,False
20111111,2011-11-11,2011,4,11,November,11,5,Friday,2011-11,2011Q4,False
20111112,2011-11-12,2011,4,11,November,12,6,Saturday,2011-11,2011Q4,False
20111113,2011-11-13,2011,4,11,November,13,7,Sunday,2011-11,2011Q4,False
20111114,2011-11-14,2011,4,11,November,14,1,Monday,2011-11,2011Q4,False
20111115,2011-11-15,2011,4,11,November,15,2,Tuesday,2011-11,2011Q4,False
20111116,2011-11-16,2011,4,11,November,16,3,Wednesday,2011-11,2011Q4,False
20111117,2011-11-17,2011,4,11,November,17,4,Thursday,2011-11,2011Q4,False
20111118,2011-11-18,2011,4,11,November,18,5,Friday,2011-11,2011Q4,False
20111119,2011-11-19,2011,4,11,November,19,6,Saturday,2011-11,2011Q4,False
20111120,2011-11-20,2011,4,11,November,20,7,Sunday,2011-11,2011Q4,False
20111121,2011-11-21,2011,4,11,November,21,1,Monday,2011-11,2011Q4,False
20111122,2011-11-22,2011,4,11,November,22,2,Tuesday,2011-11,2011Q4,False
20111123,2011-11-23,2011,4,11,November,23,3,Wednesday,2011-11,2011Q4,False
20111124,2011-11-24,2011,4,11,November,24,4,Thursday,2011-11,2011Q4,False
20111125,2011-11-25,2011,4,11,November,25,5,Friday,2011-11,2011Q4,False
20111126,2011-11-26,2011,4,11,November,26,6,Saturday,2011-11,2011Q4,False
20111127,2011-11-27,2011,4,11,November,27,7,Sunday,2011-11,2011Q4,False
20111128,2011-11-28,2011,4,11,November,28,1,Monday,2011-11,2011Q4,False
20111129,2011-11-29,2011,4,11,November,29,2,Tuesday,2011-11,2011Q4,False
20111130,2011-11-30,2011,4,11,November,30,3,Wednesday,2011-11,2011Q4,True
20111201,2011-12-01,2011,4,12,December,1,4,Thursday,2011-12,2011Q4,False
20111202,2011-12-02,2011,4,12,December,2,5,Friday,2011-12,2011Q4,False
20111203,2011-12-03,2011,4,12,December,3,6,Saturday,2011-12,2011Q4,False
20111204,2011-12-04,2011,4,12,December,4,7,Sunday,2011-12,2011Q4,False
20111205,2011-12-05,2011,4,12,December,5,1,Monday,2011-12,2011Q4,False
20111206,2011-12-06,2011,4,12,December,6,2,Tuesday,2011-12,2011Q4,False
20111207,2011-12-07,2011,4,12,December,7,3,Wednesday,2011-12,2011Q4,False
20111208,2011-12-08,2011,4,12,December,8,4,Thursday,2011-12,2011Q4,False
20111209,2011-12-09,2011,4,12,December,9,5,Friday,2011-12,2011Q4,False
